,line num,Command
0,1,\documentclass
1,3,\usepackage
2,4,\usepackage
3,5,\usepackage
4,6,\usepackage
5,7,\usepackage
6,8,\usepackage
7,9,\usetikzlibrary
8,10,\usetikzlibrary
9,11,\usetikzlibrary
10,12,\usetikzlibrary
11,13,\usepackage
12,15,\renewcommand
13,15,\thesubfigure
14,15,\roman
15,16,\usepackage
16,20,\newtheorem
17,21,\newtheorem
18,22,\newtheorem
19,24,\numberwithin
20,25,\numberwithin
21,28,\newcommand
22,28,\RR
23,28,\mathbb
24,29,\newcommand
25,29,\QQ
26,29,\mathbb
27,30,\newcommand
28,30,\R
29,30,\mathbb
30,31,\newcommand
31,31,\calH
32,31,\mathcal
33,32,\newcommand
34,32,\ZZ
35,32,\mathbb
36,33,\newcommand
37,33,\vol
38,33,\mathrm
39,34,\newcommand
40,34,\calC
41,34,\mathcal
42,35,\newcommand
43,35,\NN
44,35,\mathbb
45,36,\newcommand
46,36,\CC
47,36,\mathbb
48,37,\newcommand
49,37,\blue
50,37,\leavevmode
51,37,\color
52,38,\newcommand
53,38,\red
54,38,\leavevmode
55,38,\color
56,39,\newcommand
57,39,\purple
58,39,\leavevmode
59,39,\color
60,40,\renewcommand
61,40,\Re
62,40,\textnormal
63,41,\renewcommand
64,41,\Im
65,41,\textnormal
66,42,\newcommand
67,42,\Res
68,42,\textnormal
69,43,\newcommand
70,43,\SL
71,43,\mathrm
72,44,\renewcommand
73,44,\pmod
74,44,\left
75,44,\mathrm
76,44,\right
77,47,\title
78,49,\author
79,50,\address
80,51,\email
81,51,\_
82,52,\author
83,53,\address
84,54,\email
85,55,\author
86,56,\address
87,57,\email
88,59,document
89,62,abstract
90,63,\sigma_a
91,63,\sigma_b
92,76,\maketitle
93,78,\section
94,80,\sigma_a
95,82,\sigma_a
96,82,\sum_
97,82,\mid
98,84,\sigma_a
99,84,\cite
100,86,\sum_
101,86,\sigma_a
102,86,\sigma_b
103,90,\frac
104,90,\sigma_7
105,90,\frac
106,90,\sigma_3
107,93,equation
108,94,\frac
109,94,\Gamma
110,94,\Gamma
111,94,\Gamma
112,94,\frac
113,94,\zeta
114,94,\zeta
115,94,\zeta
116,94,\sigma_
117,94,\frac
118,94,\zeta
119,94,\sigma_b
120,94,\frac
121,96,\geq
122,96,\mathrm
123,96,\mathbb
124,98,\eqref
125,98,\cite
126,103,theorem
127,104,\to
128,104,\infty
129,105,equation
130,106,\frac
131,106,\Gamma
132,106,\Gamma
133,106,\Gamma
134,106,\frac
135,106,\zeta
136,106,\zeta
137,106,\zeta
138,106,\sigma_
139,106,\beta
140,110,begin
141,111,\text
142,112,\epsilon
143,112,\text
144,112,\leq
145,112,\geq
146,113,\epsilon
147,113,\text
148,113,\geq
149,113,\leq
150,114,\frac
151,114,\epsilon
152,114,\text
153,121,\ref
154,123,\medskip
155,124,\ref
156,124,\eqref
157,126,theorem
158,127,\geq
159,128,align
160,130,\frac
161,130,\Gamma
162,130,\Gamma
163,130,\Gamma
164,130,\frac
165,130,\zeta
166,130,\zeta
167,130,\zeta
168,130,\sigma_
169,130,\frac
170,130,\zeta
171,130,\zeta
172,130,\zeta
173,130,\sigma_
174,131,\quad
175,131,\quad
176,131,\frac
177,131,\epsilon
178,135,\ref
179,135,\frac
180,135,\frac
181,135,\leq
182,137,theorem
183,139,align
184,141,\frac
185,141,\Gamma
186,141,\Gamma
187,141,\Gamma
188,141,\frac
189,141,\zeta
190,141,\zeta
191,141,\zeta
192,141,\sigma_
193,142,\notag
194,142,\quad
195,142,\frac
196,142,\zeta
197,142,\zeta
198,142,\zeta
199,142,\sigma_
200,143,\sum_
201,143,\leq
202,143,\frac
203,143,\frac
204,143,\mathrm
205,143,\epsilon
206,143,\frac
207,143,\frac
208,143,\epsilon
209,145,\mathrm
210,145,\eqref
211,145,\mathrm
212,145,\ll
213,145,\mathrm
214,145,\frac
215,145,\zeta
216,145,\sigma_b
217,145,\mathrm
218,145,\geq
219,148,\ref
220,148,\frac
221,148,\frac
222,148,\epsilon
223,150,\ref
224,150,\ref
225,150,\emph
226,150,\ll
227,150,\epsilon
228,150,\ll
229,150,\theta
230,150,\epsilon
231,150,\leq
232,150,\theta
233,150,\leq
234,150,\ref
235,150,\frac
236,150,\frac
237,150,\theta
238,150,\epsilon
239,150,\cite
240,150,\theta
241,150,\ref
242,150,\cite
243,150,\ref
244,150,\frac
245,150,\frac
246,150,\epsilon
247,153,\section
248,160,\section
249,160,\label
250,165,\subsection
251,167,\emph
252,167,\Delta_1
253,167,\dots
254,167,\Delta_n
255,168,itemize
256,169,\item
257,169,\RR
258,170,\item
259,171,\item
260,171,\leq
261,171,\leq
262,171,\Delta_j
263,171,\leq
264,171,\ell
265,171,\leq
266,171,\ell
267,171,\Delta_
268,171,\ell
269,171,\ell
270,171,\ell
271,175,itemize
272,176,\item
273,176,\pi
274,176,\emph
275,177,\item
276,177,\ref
277,180,figure
278,181,tabular
279,182,tikzpicture
280,184,\draw
281,185,\draw
282,186,\draw
283,187,\draw
284,188,\draw
285,190,\draw
286,191,\draw
287,193,\draw
288,193,\not
289,193,\simeq
290,195,\draw
291,196,scope
292,197,\draw
293,198,\draw
294,199,\draw
295,200,\draw
296,202,\draw
297,203,\draw
298,207,tikzpicture
299,210,\draw
300,211,\draw
301,212,\draw
302,213,\draw
303,214,\draw
304,216,\draw
305,217,\draw
306,219,\draw
307,219,\simeq
308,221,scope
309,222,\draw
310,224,\draw
311,229,scope
312,230,\draw
313,231,\draw
314,233,\draw
315,234,\draw
316,236,\draw
317,237,\draw
318,244,\caption
319,245,\label
320,248,wrapfigure
321,249,tikzpicture
322,251,\draw
323,252,\draw
324,258,scope
325,259,\draw
326,270,scope
327,271,\draw
328,272,\draw
329,279,scope
330,280,\draw
331,281,\draw
332,283,\draw
333,290,scope
334,291,\draw
335,292,\draw
336,293,\draw
337,295,\draw
338,300,scope
339,301,\draw
340,302,\draw
341,307,scope
342,309,scope
343,310,\draw
344,313,scope
345,314,\draw
346,315,\draw
347,318,scope
348,319,\draw
349,320,\draw
350,322,\draw
351,326,scope
352,327,\draw
353,328,\draw
354,329,\draw
355,331,\draw
356,334,scope
357,335,\draw
358,336,\draw
359,348,\caption
360,348,\calH
361,349,\label
362,352,\ref
363,354,\CC
364,354,\CC
365,354,\omega
366,354,\omega
367,354,\omega
368,354,\omega
369,354,\omega
370,354,\omega
371,354,\cite
372,356,\pi
373,356,\alpha_1
374,356,\dots
375,356,\pi
376,356,\alpha_m
377,358,\sum_
378,358,\alpha_i
379,361,\alpha
380,361,\alpha_1
381,361,\dots
382,361,\alpha_m
383,361,\pi
384,361,\alpha_i
385,361,\emph
386,361,\calH
387,361,\alpha
388,363,\alpha
389,363,\calH
390,363,\alpha
391,363,\omega
392,363,\in
393,363,\calH
394,363,\alpha_1
395,363,\dots
396,363,\alpha_m
397,363,\rho_1
398,363,\dots
399,363,\rho_
400,363,\dots
401,363,\ZZ
402,364,equation
403,365,\calH
404,365,\alpha
405,365,\rightarrow
406,365,\CC
407,366,\text
408,366,\omega
409,366,\rightarrow
410,366,\bigg
411,366,\int_
412,366,\rho_1
413,366,\omega
414,366,\dots
415,366,\int_
416,366,\rho_
417,366,\omega
418,366,\bigg
419,368,\emph
420,368,\calH
421,368,\alpha
422,368,\cite
423,369,\alpha_1
424,369,\dots
425,369,\alpha_m
426,369,\cite
427,369,\calH
428,369,\alpha
429,369,\alpha
430,369,\calH
431,369,\alpha
432,369,\SL_2
433,369,\RR
434,369,\Delta_i
435,369,\in
436,369,\SL_2
437,369,\RR
438,369,\cdot
439,369,\Delta_i
440,372,\subsection
441,372,\calH
442,372,\alpha
443,374,\calH
444,374,\alpha
445,374,\CC
446,374,\ZZ
447,374,\ZZ
448,374,\calH
449,374,\alpha
450,374,\calH_1
451,374,\alpha
452,374,\calH
453,374,\alpha
454,374,\calH_1
455,374,\alpha
456,374,\alpha
457,374,\cite
458,374,\cite
459,376,\cite
460,376,\calH_1
461,376,\alpha
462,376,\emph
463,376,\omega
464,376,\ref
465,376,\ZZ
466,376,\ZZ
467,378,\RR
468,378,\cdot
469,378,\RR
470,379,\frac
471,379,\cdot
472,379,\bigg
473,381,\calH_1
474,381,\alpha
475,381,\calH_1
476,381,\alpha
477,381,\calH
478,381,\alpha
479,381,\calH_1
480,381,\alpha
481,388,\subsection
482,390,\cite
483,391,\vol
484,391,\calH_1
485,391,\emptyset
486,391,\cdot
487,391,\zeta
488,391,\qquad
489,391,\vol
490,391,\calH_1
491,391,\frac
492,391,\cdot
493,391,\zeta
494,391,\qquad
495,391,\vol
496,391,\calH_1
497,391,\frac
498,391,\cdot
499,391,\zeta
500,392,\cite
501,392,\calH_1
502,392,\alpha
503,394,\vol
504,394,\calH_1
505,394,\alpha
506,394,\frac
507,394,\alpha
508,394,\lim_
509,394,\rightarrow
510,394,\infty
511,394,\alpha
512,394,\sum_
513,394,\calC_d
514,394,\alpha
515,394,\dim
516,394,\calH
517,394,\alpha
518,396,\alpha
519,396,\sum
520,396,\alpha_i
521,396,\calC_d
522,396,\calC
523,396,\alpha
524,396,\sum_
525,396,\infty
526,396,\calC_d
527,396,\alpha
528,397,\frac
529,397,\vol
530,397,\calH_1
531,397,\alpha
532,397,\pi
533,397,\in
534,397,\QQ
535,397,\calH
536,397,\alpha
537,399,\emph
538,399,\ZZ
539,402,\cite
540,402,\cite
541,402,\calH
542,402,\SL_2
543,402,\ZZ
544,402,\SL_2
545,402,\RR
546,402,\cite
547,402,\calH
548,404,\sum_
549,404,\substack
550,404,\in
551,404,\NN
552,404,\sigma_1
553,404,\sigma_1
554,406,\sigma_1
555,406,\geq
556,407,gather
557,408,\frac
558,408,\sigma_3
559,408,\frac
560,408,\sigma_3
561,408,\left
562,408,\frac
563,408,\right
564,408,\frac
565,408,\sigma_1
566,408,\frac
567,408,\sigma_1
568,408,\left
569,408,\frac
570,408,\right
571,408,\frac
572,408,\sigma_1
573,408,\frac
574,408,\sigma_1
575,408,\left
576,408,\frac
577,408,\right
578,409,\frac
579,409,\sigma_3
580,409,\frac
581,409,\sigma_3
582,409,\left
583,409,\frac
584,409,\right
585,409,\frac
586,409,\sigma_3
587,409,\left
588,409,\frac
589,409,\right
590,409,\frac
591,409,\sigma_1
592,409,\frac
593,409,\sigma_1
594,409,\left
595,409,\frac
596,409,\right
597,409,\frac
598,409,\sigma_1
599,409,\frac
600,409,\sigma_1
601,409,\left
602,409,\frac
603,409,\right
604,411,\Gamma_0
605,411,\Gamma_0
606,411,\sigma_a
607,415,\emph
608,417,\calH
609,417,\ref
610,417,\calH
611,418,figure
612,419,tabular
613,420,tikzpicture
614,423,\draw
615,427,\foreach
616,427,\i
617,428,\draw
618,428,\i
619,430,\foreach
620,430,\i
621,431,\draw
622,431,\i
623,434,\foreach
624,434,\i
625,435,\draw
626,435,\i
627,437,\foreach
628,437,\i
629,438,\draw
630,438,\i
631,444,\foreach
632,444,\i
633,445,\draw
634,445,\i
635,445,\i
636,448,\foreach
637,448,\i
638,449,\draw
639,449,\i
640,449,\i
641,454,\draw
642,455,\draw
643,458,scope
644,460,\draw
645,461,\draw
646,462,\draw
647,462,\ell
648,463,\draw
649,468,scope
650,470,\draw
651,471,\draw
652,473,\draw
653,473,\ell
654,475,\draw
655,488,tikzpicture
656,490,\draw
657,493,\foreach
658,493,\i
659,494,\draw
660,494,\i
661,494,\i
662,497,\foreach
663,497,\i
664,498,\draw
665,498,\i
666,498,\i
667,501,scope
668,502,\foreach
669,502,\i
670,503,\draw
671,503,\i
672,503,\i
673,506,\foreach
674,506,\i
675,507,\draw
676,507,\i
677,507,\i
678,514,\foreach
679,514,\i
680,515,\draw
681,515,\i
682,517,\foreach
683,517,\i
684,518,\draw
685,518,\i
686,520,\foreach
687,520,\i
688,521,\draw
689,521,\i
690,524,\foreach
691,524,\i
692,525,\draw
693,525,\i
694,527,\foreach
695,527,\i
696,528,\draw
697,528,\i
698,532,\draw
699,533,\draw
700,535,\draw
701,536,\draw
702,542,scope
703,543,\draw
704,544,\draw
705,544,\ell
706,545,\draw
707,549,scope
708,550,\draw
709,551,\draw
710,551,\ell
711,553,\draw
712,563,tikzpicture
713,565,\draw
714,567,\foreach
715,567,\i
716,568,\draw
717,568,\i
718,568,\i
719,573,\foreach
720,573,\i
721,574,\draw
722,574,\i
723,574,\i
724,577,scope
725,578,\foreach
726,578,\i
727,579,\draw
728,579,\i
729,579,\i
730,582,\foreach
731,582,\i
732,583,\draw
733,583,\i
734,583,\i
735,586,\draw
736,597,\foreach
737,597,\i
738,598,\draw
739,598,\i
740,600,\foreach
741,600,\i
742,601,\draw
743,601,\i
744,603,\foreach
745,603,\i
746,604,\draw
747,604,\i
748,607,\foreach
749,607,\i
750,608,\draw
751,608,\i
752,610,\foreach
753,610,\i
754,611,\draw
755,611,\i
756,614,\draw
757,617,\draw
758,618,\draw
759,621,\draw
760,622,\draw
761,624,scope
762,626,\draw
763,627,\draw
764,627,\ell
765,628,\draw
766,631,scope
767,633,\draw
768,634,\draw
769,634,\ell
770,635,\draw
771,646,\draw
772,649,\foreach
773,649,\i
774,650,\draw
775,650,\i
776,650,\i
777,652,\foreach
778,652,\i
779,653,\draw
780,653,\i
781,653,\i
782,657,\foreach
783,657,\i
784,658,\draw
785,658,\i
786,660,\foreach
787,660,\i
788,661,\draw
789,661,\i
790,664,\foreach
791,664,\i
792,665,\draw
793,665,\i
794,667,\foreach
795,667,\i
796,668,\draw
797,668,\i
798,676,scope
799,677,\foreach
800,677,\i
801,678,\draw
802,678,\i
803,678,\i
804,681,\foreach
805,681,\i
806,682,\draw
807,682,\i
808,682,\i
809,690,scope
810,691,\foreach
811,691,\i
812,692,\draw
813,692,\i
814,692,\i
815,695,\foreach
816,695,\i
817,696,\draw
818,696,\i
819,696,\i
820,704,\draw
821,705,\draw
822,708,\draw
823,709,\draw
824,711,\draw
825,712,\draw
826,718,scope
827,719,\draw
828,720,\draw
829,720,\ell
830,723,scope
831,724,\draw
832,725,\draw
833,725,\ell
834,737,\hspace
835,737,\hspace
836,737,\hspace
837,741,\caption
838,741,\calH
839,741,\calH
840,743,\label
841,747,\calH
842,747,\calH
843,747,\cite
844,748,\frac
845,748,\bigl
846,748,\mu
847,748,\cdot
848,748,\sigma_2
849,748,\bigr
850,749,\prod_
851,749,\left
852,749,\frac
853,749,\right
854,749,\mu
855,749,\ref
856,750,\frac
857,750,\zeta
858,750,\zeta
859,750,\zeta
860,750,\approx
861,750,\cite
862,752,\calH
863,752,\cite
864,752,\cite
865,757,\section
866,757,\ref
867,759,\Re
868,759,\Re
869,763,lemma
870,764,\pmod
871,765,equation
872,766,\sum_
873,766,\substack
874,766,\equiv
875,766,\pmod
876,766,\frac
877,766,\left
878,766,\right
879,770,\frac
880,770,\Gamma
881,770,\Gamma
882,770,\Gamma
883,773,proof
884,775,equation
885,776,\int_0
886,778,\alpha
887,778,\frac
888,778,\eqref
889,779,equation
890,780,\sum_
891,780,\left
892,780,\alpha_0
893,780,\alpha
894,780,\right
895,782,\alpha_0
896,782,\leq
897,782,\alpha_0
898,782,\alpha
899,782,\left
900,782,\alpha
901,782,\right
902,783,\eqref
903,784,\alpha
904,784,\int_
905,784,\alpha
906,784,\alpha
907,784,\alpha
908,784,\eqref
909,786,\left
910,786,\alpha
911,786,\int_0
912,786,\alpha
913,786,\right
914,788,\eqref
915,790,\eqref
916,790,\eqref
917,792,lemma
918,795,\sum_
919,795,\infty
920,795,\sum_
921,795,\substack
922,795,\infty
923,797,\frac
924,797,\zeta
925,797,\zeta
926,797,\zeta
927,800,proof
928,802,align
929,803,\sum_
930,803,\infty
931,803,\mu
932,803,\sum_
933,803,\infty
934,803,\sum_
935,803,\infty
936,806,\sum_
937,806,\infty
938,806,\mu
939,806,\sum_
940,806,\infty
941,806,\sum_
942,806,\infty
943,811,proof
944,813,equation
945,814,\sum_
946,814,\sigma_a
947,814,\sigma_b
948,815,\sum_
949,816,\sum_
950,817,\sum_
951,817,\substack
952,817,\mid
953,817,\mid
954,819,\nmid
955,821,\equiv
956,821,\pmod
957,821,\frac
958,822,\ref
959,823,align
960,825,\left
961,825,\frac
962,825,\right
963,826,\left
964,826,\right
965,830,equation
966,832,\sum_
967,832,\substack
968,832,\mid
969,833,\left
970,833,\frac
971,833,\right
972,837,equation
973,838,\ll
974,838,\sum_
975,839,\ll
976,842,\eqref
977,843,align
978,844,\sum_
979,844,\mid
980,845,\sum_
981,845,\substack
982,846,\sum_
983,846,\mid
984,847,\left
985,847,\sum_
986,847,\substack
987,847,\infty
988,848,\left
989,848,\left
990,848,\frac
991,848,\right
992,848,\min
993,848,\right
994,848,\right
995,849,\sum_
996,849,\mid
997,849,\sum_
998,849,\substack
999,849,\infty
1000,849,\min
1001,851,\ref
1002,851,\zeta
1003,851,\zeta
1004,851,\zeta
1005,851,\sigma_
1006,851,\eqref
1007,854,\medskip
1008,855,\leq
1009,855,\geq
1010,855,\eqref
1011,856,\ll
1012,856,\log
1013,858,\eqref
1014,859,\leq
1015,859,\leq
1016,859,\ll
1017,860,\eqref
1018,861,equation
1019,862,\sum_
1020,863,\left
1021,863,\sum_
1022,863,\mid
1023,863,\right
1024,864,\left
1025,864,\sum_
1026,864,\mid
1027,864,\right
1028,866,\epsilon
1029,867,\epsilon
1030,869,\ll
1031,870,\epsilon
1032,870,\max
1033,872,\frac
1034,872,\frac
1035,875,\ll
1036,876,\epsilon
1037,876,\frac
1038,878,\ref
1039,888,\section
1040,888,\label
1041,893,\Re
1042,893,\Re
1043,895,\geq
1044,895,\Re
1045,895,\geq
1046,895,\Re
1047,897,\sum_
1048,897,\sigma_a
1049,897,\sigma_b
1050,898,\sum_
1051,898,\sigma_a
1052,900,\itshape
1053,900,\itshape
1054,904,lemma
1055,905,\sum_k
1056,905,\Re
1057,906,equation
1058,907,\frac
1059,907,\Gamma
1060,907,\sum_
1061,907,\frac
1062,907,\pi
1063,907,\int
1064,907,\left
1065,907,\sum
1066,907,\right
1067,907,\frac
1068,907,\Gamma
1069,907,\Gamma
1070,912,proof
1071,915,\frac
1072,915,\pi
1073,915,\int
1074,915,\frac
1075,915,\Gamma
1076,915,\Gamma
1077,916,cases
1078,919,\Re
1079,919,\sigma
1080,920,\ll
1081,920,\sigma
1082,920,\sigma
1083,920,\sigma
1084,921,\Re
1085,921,\sigma
1086,921,\sigma
1087,921,\not
1088,921,\in
1089,921,\mathbb
1090,921,\sigma
1091,921,\rightarrow
1092,921,\infty
1093,923,\Res_
1094,923,\Gamma
1095,926,\frac
1096,926,\pi
1097,926,\int
1098,926,\frac
1099,926,\Gamma
1100,926,\Gamma
1101,927,\sum_
1102,927,\infty
1103,927,\frac
1104,927,\Gamma
1105,927,\cdot
1106,927,\frac
1107,929,\Gamma
1108,933,\eqref
1109,934,\sum
1110,934,\mathbb
1111,935,\eqref
1112,938,align
1113,939,\nonumber
1114,940,\sum_
1115,940,\sigma_a
1116,940,\sigma_b
1117,941,\sum_
1118,941,\sigma_a
1119,941,\left
1120,941,\sum_
1121,941,\mid
1122,941,\left
1123,941,\frac
1124,941,\right
1125,941,\right
1126,941,\nonumber
1127,942,\sum_
1128,942,\geq
1129,942,\sum_
1130,942,\substack
1131,942,\mid
1132,942,\sigma_a
1133,943,\Gamma
1134,943,\sum_
1135,943,\geq
1136,943,\frac
1137,943,\pi
1138,943,\int_
1139,943,\left
1140,943,\sum_
1141,943,\substack
1142,943,\mid
1143,943,\sigma_a
1144,943,\right
1145,944,\frac
1146,944,\Gamma
1147,944,\Gamma
1148,945,\label
1149,947,\medskip
1150,948,\Re
1151,950,\zeta
1152,950,\Re
1153,952,\zeta
1154,953,\sum_
1155,953,\infty
1156,953,\frac
1157,955,note
1158,956,\sum_
1159,956,\equiv
1160,956,\pmod
1161,956,\frac
1162,956,\sigma_a
1163,957,\sum_
1164,957,\equiv
1165,957,\pmod
1166,957,\frac
1167,958,\sum_
1168,958,\substack
1169,958,\leq
1170,958,\leq
1171,958,\equiv
1172,958,\pmod
1173,958,\left
1174,958,\sum_
1175,958,\geq
1176,958,\frac
1177,958,\right
1178,958,\left
1179,958,\sum_
1180,958,\geq
1181,958,\frac
1182,958,\right
1183,959,\frac
1184,959,\sum_
1185,959,\substack
1186,959,\leq
1187,959,\leq
1188,959,\equiv
1189,959,\pmod
1190,959,\zeta
1191,959,\zeta
1192,962,equation
1193,964,\Gamma
1194,964,\sum_
1195,964,\geq
1196,964,\sum_
1197,964,\substack
1198,964,\leq
1199,964,\leq
1200,964,\equiv
1201,964,\pmod
1202,964,\frac
1203,964,\pi
1204,964,\int_
1205,964,\zeta
1206,964,\zeta
1207,964,\frac
1208,964,\Gamma
1209,964,\Gamma
1210,967,\ref
1211,967,\ref
1212,969,theorem
1213,973,align
1214,975,\frac
1215,975,\Gamma
1216,975,\Gamma
1217,975,\Gamma
1218,975,\frac
1219,975,\zeta
1220,975,\zeta
1221,975,\zeta
1222,975,\sigma_
1223,976,\notag
1224,976,\quad
1225,976,\frac
1226,976,\zeta
1227,976,\zeta
1228,976,\zeta
1229,976,\sigma_
1230,977,\sum_
1231,977,\leq
1232,977,\frac
1233,977,\frac
1234,977,\mathrm
1235,977,\epsilon
1236,977,\frac
1237,977,\frac
1238,977,\epsilon
1239,979,\mathrm
1240,979,\eqref
1241,979,\eqref
1242,979,\mathrm
1243,979,\ll
1244,979,\mathrm
1245,979,\frac
1246,979,\zeta
1247,979,\sigma_b
1248,979,\mathrm
1249,979,\geq
1250,981,\max
1251,981,\leq
1252,981,\frac
1253,982,align
1254,984,\frac
1255,984,\Gamma
1256,984,\Gamma
1257,984,\Gamma
1258,984,\frac
1259,984,\zeta
1260,984,\zeta
1261,984,\zeta
1262,984,\sigma_
1263,985,\quad
1264,985,\quad
1265,985,\frac
1266,985,\zeta
1267,985,\zeta
1268,985,\zeta
1269,985,\sigma_
1270,985,\frac
1271,985,\epsilon
1272,990,\ref
1273,990,\ref
1274,990,\mathrm
1275,993,\ref
1276,995,\subsection
1277,996,\cite
1278,997,lemma
1279,998,\zeta
1280,998,\sum_
1281,998,\infty
1282,999,itemize
1283,1000,\item
1284,1000,\upshape
1285,1001,\zeta
1286,1001,\mathbb
1287,1002,\item
1288,1002,\upshape
1289,1003,\zeta
1290,1004,equation
1291,1005,\zeta
1292,1006,\frac
1293,1006,\Gamma
1294,1006,\pi
1295,1006,\left
1296,1006,\pi
1297,1006,\sum_
1298,1006,\geq
1299,1006,\frac
1300,1006,\pi
1301,1006,\pi
1302,1006,\sum_
1303,1006,\geq
1304,1006,\frac
1305,1006,\pi
1306,1006,\right
1307,1008,\item
1308,1008,\upshape
1309,1009,\geq
1310,1010,equation
1311,1011,\zeta
1312,1011,\frac
1313,1017,\zeta
1314,1017,\itshape
1315,1017,\cite
1316,1019,lemma
1317,1020,\sigma
1318,1020,\sigma
1319,1020,\sqrt
1320,1020,\pi
1321,1021,align
1322,1022,\zeta
1323,1023,\sum_
1324,1023,\leq
1325,1023,\leq
1326,1023,\frac
1327,1024,\frac
1328,1024,\Gamma
1329,1024,\pi
1330,1024,\left
1331,1024,\frac
1332,1024,\pi
1333,1024,\sum_
1334,1024,\leq
1335,1024,\frac
1336,1024,\frac
1337,1024,\pi
1338,1024,\sum_
1339,1024,\leq
1340,1024,\frac
1341,1024,\right
1342,1025,\frac
1343,1025,\sigma
1344,1025,\frac
1345,1025,\sigma
1346,1030,lemma
1347,1033,\frac
1348,1033,\Gamma
1349,1033,\Gamma
1350,1033,\ll_b
1351,1038,\subsection
1352,1041,\eqref
1353,1042,\zeta
1354,1043,align
1355,1044,\frac
1356,1044,\Gamma
1357,1044,\Gamma
1358,1044,\Gamma
1359,1044,\sum_
1360,1044,\geq
1361,1044,\frac
1362,1044,\sum_
1363,1044,\substack
1364,1044,\leq
1365,1044,\leq
1366,1044,\equiv
1367,1044,\pmod
1368,1044,\zeta
1369,1045,\frac
1370,1045,\Gamma
1371,1045,\Gamma
1372,1045,\Gamma
1373,1045,\sum_
1374,1045,\geq
1375,1045,\frac
1376,1045,\sum_
1377,1045,\geq
1378,1045,\frac
1379,1045,\pmod
1380,1045,\equiv
1381,1045,\pmod
1382,1049,\pmod
1383,1049,\equiv
1384,1049,\pmod
1385,1050,cases
1386,1051,\text
1387,1051,\mid
1388,1052,\text
1389,1055,\mid
1390,1056,align
1391,1057,\frac
1392,1057,\Gamma
1393,1057,\Gamma
1394,1057,\Gamma
1395,1057,\sum_
1396,1057,\mid
1397,1057,\frac
1398,1058,\sum_
1399,1058,\substack
1400,1058,\frac
1401,1059,\frac
1402,1059,\Gamma
1403,1059,\Gamma
1404,1059,\Gamma
1405,1059,\frac
1406,1059,\zeta
1407,1059,\zeta
1408,1059,\zeta
1409,1059,\sigma_
1410,1061,\ref
1411,1064,equation
1412,1065,\sum_
1413,1065,\geq
1414,1065,\frac
1415,1065,\sum_
1416,1065,\substack
1417,1065,\leq
1418,1065,\leq
1419,1065,\equiv
1420,1065,\pmod
1421,1065,\zeta
1422,1066,\frac
1423,1066,\zeta
1424,1066,\zeta
1425,1066,\zeta
1426,1066,\sigma_
1427,1068,\Re
1428,1068,\neq
1429,1068,\Re
1430,1068,\zeta
1431,1068,\zeta
1432,1070,\eqref
1433,1071,align
1434,1072,\frac
1435,1072,\Gamma
1436,1072,\Gamma
1437,1072,\sum_
1438,1072,\geq
1439,1072,\frac
1440,1072,\sum_
1441,1072,\substack
1442,1072,\leq
1443,1072,\leq
1444,1072,\equiv
1445,1072,\pmod
1446,1072,\zeta
1447,1073,\frac
1448,1073,\sum_
1449,1073,\geq
1450,1073,\frac
1451,1073,\sum_
1452,1073,\substack
1453,1073,\leq
1454,1073,\leq
1455,1073,\equiv
1456,1073,\pmod
1457,1073,\zeta
1458,1075,\eqref
1459,1077,\frac
1460,1077,\frac
1461,1077,\zeta
1462,1077,\zeta
1463,1077,\zeta
1464,1077,\sigma_
1465,1080,\geq
1466,1082,\eqref
1467,1083,equation
1468,1084,\left
1469,1084,\atop
1470,1084,\right
1471,1084,\sum_
1472,1084,\geq
1473,1084,\sum_
1474,1084,\substack
1475,1084,\leq
1476,1084,\leq
1477,1084,\equiv
1478,1084,\pmod
1479,1084,\zeta
1480,1084,\zeta
1481,1088,\eqref
1482,1088,\eqref
1483,1090,\frac
1484,1090,\sum_
1485,1090,\substack
1486,1090,\leq
1487,1090,\leq
1488,1090,\equiv
1489,1090,\pmod
1490,1092,\mapsto
1491,1092,\neq
1492,1094,\Big
1493,1094,\frac
1494,1094,\Big
1495,1094,\Big
1496,1094,\frac
1497,1094,\Big
1498,1095,\Big
1499,1095,\frac
1500,1095,\Big
1501,1095,\Big
1502,1095,\frac
1503,1095,\Big
1504,1097,\neq
1505,1097,\equiv
1506,1097,\pmod
1507,1097,\mid
1508,1097,\eqref
1509,1098,align
1510,1099,\sum_
1511,1099,\zeta
1512,1099,\zeta
1513,1099,\sum_
1514,1099,\zeta
1515,1099,\zeta
1516,1099,\zeta
1517,1099,\zeta
1518,1100,\zeta
1519,1100,\zeta
1520,1100,\zeta
1521,1100,\zeta
1522,1100,\zeta
1523,1100,\zeta
1524,1102,\geq
1525,1102,\eqref
1526,1102,\zeta
1527,1102,\zeta
1528,1102,\frac
1529,1102,\zeta
1530,1102,\eqref
1531,1104,\frac
1532,1104,\zeta
1533,1104,\sum_
1534,1104,\mid
1535,1104,\frac
1536,1105,\frac
1537,1105,\zeta
1538,1105,\sigma_b
1539,1110,\subsection
1540,1112,\eqref
1541,1112,\zeta
1542,1112,\zeta
1543,1115,\sum_
1544,1115,\substack
1545,1115,\pmod
1546,1115,\equiv
1547,1115,\pmod
1548,1115,\Big
1549,1115,\frac
1550,1115,\Big
1551,1117,\pi
1552,1120,lemma
1553,1123,\ll_
1554,1123,\epsilon
1555,1123,\epsilon
1556,1124,\epsilon
1557,1126,proof
1558,1129,\sum_
1559,1129,\equiv
1560,1129,\pmod
1561,1129,\left
1562,1129,\frac
1563,1129,\right
1564,1134,\sum_
1565,1134,\mid
1566,1137,\nmid
1567,1137,\prime
1568,1137,\prime
1569,1137,\prime
1570,1137,\prime
1571,1137,\prime
1572,1137,\equiv
1573,1137,\pmod
1574,1137,\pmod
1575,1137,\prime
1576,1137,\leq
1577,1137,\leq
1578,1140,align
1579,1142,\sum_
1580,1142,\mid
1581,1142,\sum_
1582,1142,\prime
1583,1142,\prime
1584,1142,\equiv
1585,1142,\pmod
1586,1142,\frac
1587,1142,\left
1588,1142,\frac
1589,1142,\prime
1590,1142,\prime
1591,1142,\right
1592,1142,\sum_
1593,1142,\left
1594,1142,\frac
1595,1142,\right
1596,1143,\sum_
1597,1143,\mid
1598,1143,\sum_
1599,1143,\prime
1600,1143,\prime
1601,1143,\equiv
1602,1143,\pmod
1603,1143,\frac
1604,1143,\left
1605,1143,\frac
1606,1143,\prime
1607,1143,\prime
1608,1143,\right
1609,1144,\sum_
1610,1144,\mid
1611,1148,\leq
1612,1148,\tau
1613,1148,\mathrm
1614,1149,align
1615,1151,\leq
1616,1151,\sum_
1617,1151,\mid
1618,1151,\tau
1619,1151,\Big
1620,1151,\frac
1621,1151,\Big
1622,1151,\mathrm
1623,1151,\Big
1624,1151,\frac
1625,1151,\frac
1626,1151,\Big
1627,1152,\ll_
1628,1152,\epsilon
1629,1152,\epsilon
1630,1157,\eqref
1631,1157,\Re
1632,1157,\delta
1633,1157,\delta
1634,1157,\Re
1635,1157,\delta
1636,1157,\delta
1637,1157,\eqref
1638,1159,\ll_
1639,1159,\delta
1640,1159,\delta
1641,1159,\sum_
1642,1159,\geq
1643,1159,\frac
1644,1159,\delta
1645,1159,\delta
1646,1159,\sum_
1647,1159,\geq
1648,1159,\frac
1649,1159,\delta
1650,1159,\delta
1651,1161,\eqref
1652,1161,\Re
1653,1161,\delta
1654,1161,\delta
1655,1161,\frac
1656,1161,\delta
1657,1163,\ref
1658,1164,\eqref
1659,1164,\Re
1660,1164,\delta
1661,1166,\ll_
1662,1166,\delta
1663,1166,\epsilon
1664,1166,\sum_
1665,1166,\geq
1666,1166,\frac
1667,1166,\delta
1668,1166,\frac
1669,1166,\delta
1670,1166,\epsilon
1671,1168,\delta
1672,1168,\frac
1673,1168,\delta
1674,1168,\frac
1675,1168,\frac
1676,1168,\epsilon
1677,1170,\ll_
1678,1170,\epsilon
1679,1170,\frac
1680,1170,\frac
1681,1170,\epsilon
1682,1170,\sum_
1683,1170,\geq
1684,1170,\frac
1685,1170,\epsilon
1686,1170,\ll_
1687,1170,\epsilon
1688,1170,\frac
1689,1170,\frac
1690,1170,\epsilon
1691,1172,\ref
1692,1174,\max
1693,1174,\eqref
1694,1174,\Re
1695,1174,\sigma
1696,1174,\sigma
1697,1175,equation
1698,1176,\sum_
1699,1176,\geq
1700,1176,\sum_
1701,1176,\substack
1702,1176,\leq
1703,1176,\leq
1704,1176,\equiv
1705,1176,\pmod
1706,1176,\zeta
1707,1176,\zeta
1708,1178,\Re
1709,1178,\sigma
1710,1178,\sigma
1711,1178,\zeta
1712,1178,\eqref
1713,1178,\zeta
1714,1178,\ref
1715,1181,\zeta
1716,1181,\zeta
1717,1181,\eqref
1718,1181,\ref
1719,1181,\eqref
1720,1181,\ref
1721,1181,\ref
1722,1181,\eqref
1723,1181,\ref
1724,1181,\eqref
1725,1183,\ref
1726,1183,\zeta
1727,1183,\eqref
1728,1183,\zeta
1729,1184,align
1730,1185,\sum_d
1731,1185,\frac
1732,1185,\sum_
1733,1185,\substack
1734,1185,\leq
1735,1185,\leq
1736,1185,\equiv
1737,1185,\pmod
1738,1185,\sum_
1739,1185,\leq
1740,1185,\leq
1741,1185,\sum_
1742,1185,\geq
1743,1185,\frac
1744,1185,\big
1745,1185,\frac
1746,1185,\big
1747,1186,\notag
1748,1186,\sum_d
1749,1186,\frac
1750,1186,\sum_
1751,1186,\leq
1752,1186,\sum_
1753,1186,\geq
1754,1186,\frac
1755,1186,\sum_
1756,1186,\equiv
1757,1186,\pmod
1758,1186,\left
1759,1186,\frac
1760,1186,\right
1761,1188,\ref
1762,1188,\sqrt
1763,1188,\pi
1764,1188,\eqref
1765,1188,\mid
1766,1188,\Re
1767,1188,\sigma
1768,1188,\eqref
1769,1189,align
1770,1190,\sum_
1771,1190,\geq
1772,1190,\frac
1773,1190,\sigma
1774,1190,\sum_
1775,1190,\leq
1776,1190,\sum_
1777,1190,\geq
1778,1190,\frac
1779,1190,\sigma
1780,1190,\sigma
1781,1191,\ll
1782,1191,\sum_
1783,1191,\geq
1784,1191,\frac
1785,1191,\sigma
1786,1191,\sum_
1787,1191,\mid
1788,1191,\sigma
1789,1191,\left
1790,1191,\frac
1791,1191,\right
1792,1191,\sigma
1793,1192,\notag
1794,1192,\ll
1795,1192,\sigma
1796,1192,\sum_
1797,1192,\geq
1798,1192,\frac
1799,1192,\sigma
1800,1192,\epsilon
1801,1193,\notag
1802,1193,\ll
1803,1193,\sigma
1804,1194,\notag
1805,1194,\ll
1806,1194,\frac
1807,1194,\sigma
1808,1198,\sigma
1809,1198,\frac
1810,1200,\sigma
1811,1200,\eqref
1812,1201,\zeta
1813,1202,\sigma
1814,1202,\frac
1815,1202,\eqref
1816,1202,\zeta
1817,1202,\frac
1818,1202,\sigma
1819,1205,align
1820,1206,\sum_d
1821,1206,\frac
1822,1206,\sum_
1823,1206,\geq
1824,1206,\sum_
1825,1206,\leq
1826,1206,\frac
1827,1206,\sum_
1828,1206,\substack
1829,1206,\leq
1830,1206,\leq
1831,1206,\equiv
1832,1206,\pmod
1833,1206,\left
1834,1206,\frac
1835,1206,\pm
1836,1206,\pm
1837,1206,\right
1838,1207,\notag
1839,1207,\sum_d
1840,1207,\frac
1841,1207,\sum_
1842,1207,\geq
1843,1207,\sum_
1844,1207,\leq
1845,1207,\frac
1846,1207,\pm
1847,1207,\pm
1848,1209,\ref
1849,1209,\eqref
1850,1210,align
1851,1211,\sum_
1852,1211,\geq
1853,1211,\frac
1854,1211,\sigma
1855,1211,\sum_
1856,1211,\geq
1857,1211,\sum_
1858,1211,\leq
1859,1211,\frac
1860,1211,\epsilon
1861,1211,\sigma
1862,1211,\sigma
1863,1212,\ll
1864,1212,\sum_
1865,1212,\geq
1866,1212,\frac
1867,1212,\sigma
1868,1212,\epsilon
1869,1212,\sum_
1870,1212,\mid
1871,1212,\sigma
1872,1212,\frac
1873,1212,\left
1874,1212,\frac
1875,1212,\right
1876,1212,\sigma
1877,1213,\notag
1878,1213,\ll
1879,1213,\sigma
1880,1213,\sum_
1881,1213,\geq
1882,1213,\frac
1883,1213,\sigma
1884,1213,\epsilon
1885,1214,\notag
1886,1214,\ll
1887,1214,\sigma
1888,1215,\notag
1889,1215,\ll
1890,1215,\frac
1891,1215,\sigma
1892,1217,\eqref
1893,1217,\sigma
1894,1217,\frac
1895,1217,\ref
1896,1217,\frac
1897,1217,\sigma
1898,1217,\ref
1899,1217,\frac
1900,1217,\sigma
1901,1217,\eqref
1902,1217,\ref
1903,1217,\ref
1904,1217,\Re
1905,1217,\sigma
1906,1218,equation
1907,1219,\sum_
1908,1219,\geq
1909,1219,\sum_
1910,1219,\substack
1911,1219,\leq
1912,1219,\leq
1913,1219,\equiv
1914,1219,\pmod
1915,1219,\zeta
1916,1219,\zeta
1917,1220,\ll
1918,1220,\frac
1919,1220,\sigma
1920,1222,\frac
1921,1222,\sigma
1922,1225,\ref
1923,1225,\eqref
1924,1225,\sigma
1925,1225,\sigma
1926,1225,\frac
1927,1225,\sigma
1928,1226,\Re
1929,1226,\frac
1930,1226,\epsilon
1931,1226,\epsilon
1932,1227,\max
1933,1227,\leq
1934,1229,\subsection
1935,1229,\label
1936,1234,\eqref
1937,1235,\Re
1938,1235,\epsilon
1939,1235,\epsilon
1940,1235,\zeta
1941,1235,\ll
1942,1235,\frac
1943,1235,\epsilon
1944,1237,\zeta
1945,1237,\ll
1946,1237,\epsilon
1947,1237,\cdot
1948,1237,\big
1949,1237,\frac
1950,1237,\big
1951,1238,\big
1952,1238,\frac
1953,1238,\big
1954,1239,\zeta
1955,1240,\ref
1956,1244,\ll
1957,1244,\sum_
1958,1244,\geq
1959,1244,\frac
1960,1244,\epsilon
1961,1244,\epsilon
1962,1244,\frac
1963,1244,\epsilon
1964,1246,\epsilon
1965,1246,\epsilon
1966,1248,\bibliographystyle
1967,1249,\bibliography
